<?xml version="1.0" encoding="UTF-8"?>
<configurationDescriptor version="100">
  <logicalFolder name="root" displayName="root" projectFiles="true" kind="ROOT">
    <df root="." name="0">
      <in>afl-analyze.c</in>
      <in>afl-as.c</in>
      <in>afl-fuzz.c</in>
      <in>afl-gcc.c</in>
      <in>afl-gotcpu.c</in>
      <in>afl-showmap.c</in>
      <in>afl-tmin.c</in>
      <in>test-instr.c</in>
    </df>
    <logicalFolder name="ExternalFiles"
                   displayName="Important Files"
                   projectFiles="false"
                   kind="IMPORTANT_FILES_FOLDER">
      <itemPath>Makefile</itemPath>
      <itemPath>nbproject/private/launcher.properties</itemPath>
    </logicalFolder>
  </logicalFolder>
  <sourceFolderFilter>^(nbproject)$</sourceFolderFilter>
  <sourceRootList>
    <Elem>.</Elem>
  </sourceRootList>
  <projectmakefile>Makefile</projectmakefile>
  <confs>
    <conf name="Default" type="0">
      <toolsSet>
        <compilerSet>default</compilerSet>
        <dependencyChecking>false</dependencyChecking>
        <rebuildPropChanged>false</rebuildPropChanged>
      </toolsSet>
      <flagsDictionary>
        <element flagsID="0" commonFlags="-O3 -g"/>
        <element flagsID="1" commonFlags="-O3 -g -g -O3"/>
      </flagsDictionary>
      <codeAssistance>
      </codeAssistance>
      <makefileType>
        <makeTool>
          <buildCommandWorkingDir>.</buildCommandWorkingDir>
          <buildCommand>${MAKE} -f Makefile</buildCommand>
          <cleanCommand>${MAKE} -f Makefile clean</cleanCommand>
          <executablePath></executablePath>
          <cTool>
            <preprocessorList>
              <Elem>AFL_PATH="/usr/local/lib/afl"</Elem>
              <Elem>BIN_PATH="/usr/local/bin"</Elem>
              <Elem>DOC_PATH="/usr/local/share/doc/afl"</Elem>
              <Elem>_FORTIFY_SOURCE=2</Elem>
            </preprocessorList>
          </cTool>
        </makeTool>
        <preBuild>
          <preBuildCommandWorkingDir>.</preBuildCommandWorkingDir>
          <preBuildCommand></preBuildCommand>
        </preBuild>
      </makefileType>
      <item path="afl-analyze.c" ex="false" tool="0" flavor2="0">
        <cTool flags="0">
        </cTool>
      </item>
      <item path="afl-as.c" ex="false" tool="0" flavor2="0">
        <cTool flags="0">
        </cTool>
      </item>
      <item path="afl-fuzz.c" ex="false" tool="0" flavor2="0">
        <cTool flags="0">
        </cTool>
      </item>
      <item path="afl-gcc.c" ex="false" tool="0" flavor2="0">
        <cTool flags="0">
        </cTool>
      </item>
      <item path="afl-gotcpu.c" ex="false" tool="0" flavor2="0">
        <cTool flags="0">
        </cTool>
      </item>
      <item path="afl-showmap.c" ex="false" tool="0" flavor2="0">
        <cTool flags="0">
        </cTool>
      </item>
      <item path="afl-tmin.c" ex="false" tool="0" flavor2="0">
        <cTool flags="0">
        </cTool>
      </item>
      <item path="test-instr.c" ex="false" tool="0" flavor2="0">
        <cTool flags="1">
          <preprocessorList>
            <Elem>FUZZING_BUILD_MODE_UNSAFE_FOR_PRODUCTION=1</Elem>
            <Elem>__AFL_COMPILER=1</Elem>
          </preprocessorList>
        </cTool>
      </item>
    </conf>
  </confs>
</configurationDescriptor>
