<?xml version="1.0" encoding="UTF-8"?>
<configurationDescriptor version="100">
  <logicalFolder name="root" displayName="root" projectFiles="true" kind="ROOT">
    <df root="." name="0">
      <df name=".travis">
      </df>
      <df name="dictionaries">
      </df>
      <df name="docs">
        <df name="visualization">
        </df>
        <df name="vuln_samples">
        </df>
      </df>
      <df name="experimental">
        <df name="argv_fuzzing">
          <in>argv-fuzz-inl.h</in>
        </df>
        <df name="asan_cgroups">
        </df>
        <df name="bash_shellshock">
        </df>
        <df name="canvas_harness">
        </df>
        <df name="clang_asm_normalize">
        </df>
        <df name="crash_triage">
        </df>
        <df name="distributed_fuzzing">
        </df>
        <df name="libpng_no_checksum">
        </df>
        <df name="persistent_demo">
          <in>persistent_demo.c</in>
        </df>
        <df name="post_library">
          <in>post_library.so.c</in>
          <in>post_library_png.so.c</in>
        </df>
      </df>
      <df name="libdislocator">
        <in>libdislocator.so.c</in>
      </df>
      <df name="libtokencap">
        <in>libtokencap.so.c</in>
      </df>
      <df name="llvm_mode">
        <in>afl-clang-fast.c</in>
        <in>afl-llvm-pass.so.cc</in>
        <in>afl-llvm-rt.o.c</in>
      </df>
      <df name="myafl">
        <df name="aflOutputDir">
          <df name="crashes">
          </df>
          <df name="hangs">
          </df>
          <df name="queue">
            <df name=".state">
              <df name="auto_extras">
              </df>
              <df name="deterministic_done">
              </df>
              <df name="redundant_edges">
              </df>
              <df name="variable_behavior">
              </df>
            </df>
          </df>
        </df>
        <df name="test-suite">
        </df>
        <df name="tt">
        </df>
        <in>32_1_cilled_ok_nondet.c</in>
        <in>Problem10.c</in>
        <in>Problem10_instrumented.c</in>
        <in>Problem12_label09.c</in>
        <in>Problem13.c</in>
      </df>
      <df name="qemu_mode">
        <df name="patches">
          <in>afl-qemu-cpu-inl.h</in>
        </df>
      </df>
      <df name="seeds">
        <df name="s1">
        </df>
      </df>
      <df name="test-suite">
      </df>
      <df name="testcases">
        <df name="archives">
          <df name="common">
            <df name="ar">
            </df>
            <df name="bzip2">
            </df>
            <df name="cab">
            </df>
            <df name="compress">
            </df>
            <df name="cpio">
            </df>
            <df name="gzip">
            </df>
            <df name="lzo">
            </df>
            <df name="rar">
            </df>
            <df name="tar">
            </df>
            <df name="xz">
            </df>
            <df name="zip">
            </df>
          </df>
          <df name="exotic">
            <df name="arj">
            </df>
            <df name="lha">
            </df>
            <df name="lrzip">
            </df>
            <df name="lzip">
            </df>
            <df name="lzma">
            </df>
            <df name="rzip">
            </df>
            <df name="zoo">
            </df>
          </df>
        </df>
        <df name="images">
          <df name="bmp">
          </df>
          <df name="gif">
          </df>
          <df name="ico">
          </df>
          <df name="jp2">
          </df>
          <df name="jpeg">
          </df>
          <df name="jxr">
          </df>
          <df name="png">
          </df>
          <df name="tiff">
          </df>
          <df name="webp">
          </df>
        </df>
        <df name="multimedia">
          <df name="h264">
          </df>
        </df>
        <df name="others">
          <df name="elf">
          </df>
          <df name="js">
          </df>
          <df name="pcap">
          </df>
          <df name="pdf">
          </df>
          <df name="regexp">
          </df>
          <df name="rtf">
          </df>
          <df name="sql">
          </df>
          <df name="text">
          </df>
          <df name="xml">
          </df>
        </df>
      </df>
      <in>afl-analyze.c</in>
      <in>afl-as.c</in>
      <in>afl-as.h</in>
      <in>afl-fuzz.c</in>
      <in>afl-gcc.c</in>
      <in>afl-gotcpu.c</in>
      <in>afl-showmap.c</in>
      <in>afl-tmin.c</in>
      <in>alloc-inl.h</in>
      <in>android-ashmem.h</in>
      <in>config.h</in>
      <in>debug.h</in>
      <in>hash.h</in>
      <in>test-instr.c</in>
      <in>test-libfuzzer-target.c</in>
      <in>types.h</in>
    </df>
  </logicalFolder>
  <projectmakefile>Makefile</projectmakefile>
  <confs>
    <conf name="Default" type="0">
      <toolsSet>
        <developmentServer>localhost</developmentServer>
        <platform>2</platform>
      </toolsSet>
      <compile>
        <compiledirpicklist>
          <compiledirpicklistitem>.</compiledirpicklistitem>
          <compiledirpicklistitem>${AUTO_FOLDER}</compiledirpicklistitem>
        </compiledirpicklist>
        <compiledir>${AUTO_FOLDER}</compiledir>
        <compilecommandpicklist>
          <compilecommandpicklistitem>${MAKE} ${ITEM_NAME}.o</compilecommandpicklistitem>
          <compilecommandpicklistitem>${AUTO_COMPILE}</compilecommandpicklistitem>
        </compilecommandpicklist>
        <compilecommand>${AUTO_COMPILE}</compilecommand>
      </compile>
      <dbx_gdbdebugger version="1">
        <gdb_pathmaps>
        </gdb_pathmaps>
        <gdb_interceptlist>
          <gdbinterceptoptions gdb_all="false" gdb_unhandled="true" gdb_unexpected="true"/>
        </gdb_interceptlist>
        <gdb_options>
          <DebugOptions>
          </DebugOptions>
        </gdb_options>
        <gdb_buildfirst gdb_buildfirst_overriden="false" gdb_buildfirst_old="false"/>
      </dbx_gdbdebugger>
      <nativedebugger version="1">
        <engine>gdb</engine>
      </nativedebugger>
      <runprofile version="9">
        <runcommandpicklist>
          <runcommandpicklistitem>"${OUTPUT_PATH}"</runcommandpicklistitem>
        </runcommandpicklist>
        <runcommand>"${OUTPUT_PATH}"</runcommand>
        <rundir>.</rundir>
        <buildfirst>false</buildfirst>
        <terminal-type>0</terminal-type>
        <remove-instrumentation>0</remove-instrumentation>
        <environment>
        </environment>
      </runprofile>
    </conf>
  </confs>
</configurationDescriptor>
